Sample ID,Site Name,Site Code,"Depositional Context (Burial = 1, Kiln = 2)","Dated Samples (Shitamura 1994; Kyushu Early Modern Ceramics Society, 2000) (0=undated)",Site Report ID,Page Number
FR1,FURUKAMEYASHIMO,FR,2,0,1,157
FR2,FURUKAMEYASHIMO,FR,2,0,1,156
FR3,FURUKAMEYASHIMO,FR,2,0,1,156
FR5,FURUKAMEYASHIMO,FR,2,0,1,157
FR6,FURUKAMEYASHIMO,FR,2,0,1,157
FR12,FURUKAMEYASHIMO,FR,2,0,1,156
FR32,FURUKAMEYASHIMO,FR,2,0,1,157
FR33,FURUKAMEYASHIMO,FR,2,0,1,156
FR52,FURUKAMEYASHIMO,FR,2,0,1,156
FR151,FURUKAMEYASHIMO,FR,2,0,1,105
FR152,FURUKAMEYASHIMO,FR,2,0,1,105
FR153,FURUKAMEYASHIMO,FR,2,0,1,105
FR154,FURUKAMEYASHIMO,FR,2,0,1,105
FR155,FURUKAMEYASHIMO,FR,2,0,1,105
FR156,FURUKAMEYASHIMO,FR,2,0,1,105
FR157,FURUKAMEYASHIMO,FR,2,0,1,105
FR158,FURUKAMEYASHIMO,FR,2,0,1,105
FR159,FURUKAMEYASHIMO,FR,2,0,1,105
FR161,FURUKAMEYASHIMO,FR,2,0,1,107
FR162,FURUKAMEYASHIMO,FR,2,0,1,107
FR163,FURUKAMEYASHIMO,FR,2,0,1,107
FR164,FURUKAMEYASHIMO,FR,2,0,1,107
FR165,FURUKAMEYASHIMO,FR,2,0,1,107
FR166,FURUKAMEYASHIMO,FR,2,0,1,107
FR167,FURUKAMEYASHIMO,FR,2,0,1,107
FR221,FURUKAMEYASHIMO,FR,2,0,1,114
FR243,FURUKAMEYASHIMO,FR,2,0,1,116
FR251,FURUKAMEYASHIMO,FR,2,0,1,117
FR252,FURUKAMEYASHIMO,FR,2,0,1,117
FR253,FURUKAMEYASHIMO,FR,2,0,1,117
FR254,FURUKAMEYASHIMO,FR,2,0,1,117
FR255,FURUKAMEYASHIMO,FR,2,0,1,117
FR256,FURUKAMEYASHIMO,FR,2,0,1,117
FR257,FURUKAMEYASHIMO,FR,2,0,1,117
FR258,FURUKAMEYASHIMO,FR,2,0,1,117
FR321,FURUKAMEYASHIMO,FR,2,0,1,126
FR322,FURUKAMEYASHIMO,FR,2,0,1,126
FR326,FURUKAMEYASHIMO,FR,2,0,1,126
FR327,FURUKAMEYASHIMO,FR,2,0,1,126
FR328,FURUKAMEYASHIMO,FR,2,0,1,126
FR329,FURUKAMEYASHIMO,FR,2,0,1,126
FR331,FURUKAMEYASHIMO,FR,2,0,1,127
FR391,FURUKAMEYASHIMO,FR,2,0,1,135
FR392,FURUKAMEYASHIMO,FR,2,0,1,135
FR393,FURUKAMEYASHIMO,FR,2,0,1,135
FR395,FURUKAMEYASHIMO,FR,2,0,1,135
FR396,FURUKAMEYASHIMO,FR,2,0,1,135
FR401,FURUKAMEYASHIMO,FR,2,0,1,136
FR402,FURUKAMEYASHIMO,FR,2,0,1,136
FR403,FURUKAMEYASHIMO,FR,2,0,1,136
FR411,FURUKAMEYASHIMO,FR,2,0,1,137
FR412,FURUKAMEYASHIMO,FR,2,0,1,137
FR413,FURUKAMEYASHIMO,FR,2,0,1,137
FR414,FURUKAMEYASHIMO,FR,2,0,1,137
FR415,FURUKAMEYASHIMO,FR,2,0,1,137
FR416,FURUKAMEYASHIMO,FR,2,0,1,137
FR421,FURUKAMEYASHIMO,FR,2,0,1,138
FR422,FURUKAMEYASHIMO,FR,2,0,1,138
FR423,FURUKAMEYASHIMO,FR,2,0,1,138
FR424,FURUKAMEYASHIMO,FR,2,0,1,138
FR425,FURUKAMEYASHIMO,FR,2,0,1,138
FR427,FURUKAMEYASHIMO,FR,2,0,1,138
FR428,FURUKAMEYASHIMO,FR,2,0,1,138
FR429,FURUKAMEYASHIMO,FR,2,0,1,138
FR487,FURUKAMEYASHIMO,FR,2,0,1,146
FR488,FURUKAMEYASHIMO,FR,2,0,1,146
FR489,FURUKAMEYASHIMO,FR,2,0,1,146
FR491,FURUKAMEYASHIMO,FR,2,0,1,147
FR492,FURUKAMEYASHIMO,FR,2,0,1,147
FR493,FURUKAMEYASHIMO,FR,2,0,1,147
FR494,FURUKAMEYASHIMO,FR,2,0,1,147
FR501,FURUKAMEYASHIMO,FR,2,0,1,148
FR502,FURUKAMEYASHIMO,FR,2,0,1,148
FR504,FURUKAMEYASHIMO,FR,2,0,1,148
FR511,FURUKAMEYASHIMO,FR,2,0,1,149
FR512,FURUKAMEYASHIMO,FR,2,0,1,149
FR513,FURUKAMEYASHIMO,FR,2,0,1,149
FR514,FURUKAMEYASHIMO,FR,2,0,1,149
FR515,FURUKAMEYASHIMO,FR,2,0,1,149
FR516,FURUKAMEYASHIMO,FR,2,0,1,149
FR517,FURUKAMEYASHIMO,FR,2,0,1,149
FR531,FURUKAMEYASHIMO,FR,2,0,1,152
FR532,FURUKAMEYASHIMO,FR,2,0,1,152
FR534,FURUKAMEYASHIMO,FR,2,0,1,152
FR535,FURUKAMEYASHIMO,FR,2,0,1,152
FR1510,FURUKAMEYASHIMO,FR,2,0,1,105
FR1511,FURUKAMEYASHIMO,FR,2,0,1,105
FR1512,FURUKAMEYASHIMO,FR,2,0,1,105
FR2511,FURUKAMEYASHIMO,FR,2,0,1,117
HK001,HAKOZAKI,HK,1,0,2,29
HK019,HAKOZAKI,HK,1,0,2,29
HK031,HAKOZAKI,HK,1,0,2,30
HK845,HAKOZAKI,HK,1,0,2,30
KM3,KAMEYA,KM,2,0,5,163
KM35,KAMEYA,KM,2,0,5,105
KM36,KAMEYA,KM,2,0,5,105
KM38,KAMEYA,KM,2,0,5,105
KM39,KAMEYA,KM,2,0,5,105
KM40,KAMEYA,KM,2,0,5,105
KM41,KAMEYA,KM,2,0,5,106
KM42,KAMEYA,KM,2,0,5,106
KM49,KAMEYA,KM,2,0,4,90
KM56,KAMEYA,KM,2,0,5,171
KM57,KAMEYA,KM,2,0,5,171
KM58,KAMEYA,KM,2,0,5,171
KM69,KAMEYA,KM,2,0,4,92
KM70,KAMEYA,KM,2,0,4,92
KM71,KAMEYA,KM,2,0,4,92
KM72,KAMEYA,KM,2,0,4,92
KM73,KAMEYA,KM,2,0,4,92
KM74,KAMEYA,KM,2,0,4,92
KM112,KAMEYA,KM,2,0,5,116
KM113,KAMEYA,KM,2,0,5,116
KM114,KAMEYA,KM,2,0,5,116
KM136,KAMEYA,KM,2,0,5,180
KM137,KAMEYA,KM,2,0,5,180
KM142,KAMEYA,KM,2,0,3,25
KM151,KAMEYA,KM,2,0,3,26
KM157,KAMEYA,KM,2,0,4,102
KM163,KAMEYA,KM,2,0,3,27
KM164,KAMEYA,KM,2,0,5,182
KM166,KAMEYA,KM,2,0,3,27
KM169,KAMEYA,KM,2,0,5,182
KM173,KAMEYA,KM,2,0,5,183
KM174,KAMEYA,KM,2,0,3,28
KM175,KAMEYA,KM,2,0,3,28
KM176,KAMEYA,KM,2,0,3,28
KM177,KAMEYA,KM,2,0,3,30
KM178,KAMEYA,KM,2,0,3,30
KM184,KAMEYA,KM,2,0,5,184
KM215,KAMEYA,KM,2,0,4,114
KM247,KAMEYA,KM,2,0,4,117
KM339,KAMEYA,KM,2,0,4,125
KM413,KAMEYA,KM,2,0,4,134
KM414,KAMEYA,KM,2,0,4,134
KM415,KAMEYA,KM,2,0,4,134
KM431,KAMEYA,KM,2,0,4,135
KM436,KAMEYA,KM,2,0,4,135
KM441,KAMEYA,KM,2,0,4,135
KM1642,KAMEYA,KM,2,0,3,27
KM1732,KAMEYA,KM,2,0,3,28
KS61,KYUSHU,KS,1,1629,15,71
KS97,KYUSHU,KS,1,1645,15,73
KS124,KYUSHU,KS,1,1697,15,74
KS136,KYUSHU,KS,1,1774,15,75
KT30,KAMITSUKIGUMA,KT,1,0,6,35
KT31,KAMITSUKIGUMA,KT,1,0,6,35
KT32,KAMITSUKIGUMA,KT,1,0,6,35
KT33,KAMITSUKIGUMA,KT,1,0,6,35
MD4,MONDA,MD,1,0,7,115
MD6,MONDA,MD,1,0,7,116
MD8,MONDA,MD,1,0,7,117
MD12,MONDA,MD,1,0,7,123
MD13,MONDA,MD,1,0,7,121
MD17,MONDA,MD,1,0,7,125
MD18,MONDA,MD,1,0,7,116
MD27,MONDA,MD,1,0,7,119
MD28,MONDA,MD,1,0,7,112
MD31,MONDA,MD,1,0,7,131
MD37,MONDA,MD,1,0,7,134
MD50,MONDA,MD,1,1800,7,119
MR271,MUSHIRODAAOKI,MR,1,0,9,93
MR287,MUSHIRODAAOKI,MR,1,0,9,93
MR289,MUSHIRODAAOKI,MR,1,0,9,93
MR290,MUSHIRODAAOKI,MR,1,0,9,93
MR291,MUSHIRODAAOKI,MR,1,0,9,93
MR316,MUSHIRODAAOKI,MR,1,0,9,94
MR317,MUSHIRODAAOKI,MR,1,0,9,94
MR320,MUSHIRODAAOKI,MR,1,0,9,93
MR325,MUSHIRODAAOKI,MR,1,0,9,93
MR346,MUSHIRODAAOKI,MR,1,0,9,94
MR357,MUSHIRODAAOKI,MR,1,0,9,94
MR360,MUSHIRODAAOKI,MR,1,0,9,94
MR361,MUSHIRODAAOKI,MR,1,0,9,95
MR362,MUSHIRODAAOKI,MR,1,0,9,95
MR364,MUSHIRODAAOKI,MR,1,0,9,95
MR366,MUSHIRODAAOKI,MR,1,0,9,95
MR395,MUSHIRODAAOKI,MR,1,0,9,95
MR399,MUSHIRODAAOKI,MR,1,0,9,95
MR400,MUSHIRODAAOKI,MR,1,0,9,96
MR402,MUSHIRODAAOKI,MR,1,0,9,96
MR404,MUSHIRODAAOKI,MR,1,0,9,97
MR405,MUSHIRODAAOKI,MR,1,0,9,97
MR406,MUSHIRODAAOKI,MR,1,0,9,97
MR407,MUSHIRODAAOKI,MR,1,0,9,97
MR408,MUSHIRODAAOKI,MR,1,0,9,97
MR410,MUSHIRODAAOKI,MR,1,0,9,97
MR412,MUSHIRODAAOKI,MR,1,0,9,98
MR448,MUSHIRODAAOKI,MR,1,0,9,96
MR459,MUSHIRODAAOKI,MR,1,0,9,96
MR472,MUSHIRODAAOKI,MR,1,0,9,96
MR475,MUSHIRODAAOKI,MR,1,0,9,96
MR501,MUSHIRODAAOKI,MR,1,0,9,98
MR502,MUSHIRODAAOKI,MR,1,0,9,98
MR506,MUSHIRODAAOKI,MR,1,0,9,98
MR509,MUSHIRODAAOKI,MR,1,0,9,98
MR514,MUSHIRODAAOKI,MR,1,0,9,98
MT031,MOTOOKA,MT,1,0,8,102
MT141,MOTOOKA,MT,1,0,8,78
MT160,MOTOOKA,MT,1,0,8,78
MT165,MOTOOKA,MT,1,0,8,79
MT201,MOTOOKA,MT,1,0,8,108
MT202,MOTOOKA,MT,1,0,8,110
MT214,MOTOOKA,MT,1,0,8,109
MT233,MOTOOKA,MT,1,0,8,81
MT234,MOTOOKA,MT,1,0,8,80
MT254,MOTOOKA,MT,1,0,8,82
NS2,NISHINAKANO,NS,1,0,10,118
NS4,NISHINAKANO,NS,1,0,10,109
NS883,NISHINAKANO,NS,1,0,10,111
NS893,NISHINAKANO,NS,1,0,11,80
NS902,NISHINAKANO,NS,1,0,10,112
NS903,NISHINAKANO,NS,1,0,11,81
NS922,NISHINAKANO,NS,1,0,10,114
NS923,NISHINAKANO,NS,1,0,10,114
NS924,NISHINAKANO,NS,1,0,10,114
NS927,NISHINAKANO,NS,1,0,10,114
NS942,NISHINAKANO,NS,1,0,11,84
NT2,NITAKOFUN,NT,1,0,12,35
NT3,NITAKOFUN,NT,1,0,12,35
NT5,NITAKOFUN,NT,1,0,12,35
NT8,NITAKOFUN,NT,1,0,12,35
NT9,NITAKOFUN,NT,1,0,12,35
NT10,NITAKOFUN,NT,1,0,12,35
NT13,NITAKOFUN,NT,1,0,12,35
NT14,NITAKOFUN,NT,1,0,12,36
NT15,NITAKOFUN,NT,1,0,12,36
NT16,NITAKOFUN,NT,1,0,12,36
NT17,NITAKOFUN,NT,1,0,12,36
NT18,NITAKOFUN,NT,1,0,12,36
NT19,NITAKOFUN,NT,1,0,12,36
NT20,NITAKOFUN,NT,1,0,12,37
NT21,NITAKOFUN,NT,1,0,12,37
NT22,NITAKOFUN,NT,1,0,12,37
NT23,NITAKOFUN,NT,1,0,12,37
NT24,NITAKOFUN,NT,1,0,12,37
NT25,NITAKOFUN,NT,1,0,12,37
NT26,NITAKOFUN,NT,1,0,12,37
NT27,NITAKOFUN,NT,1,0,12,37
TJ11,TOJI,TJ,1,0,14,9
TJ13,TOJI,TJ,1,0,14,11
TK7,TAKAMATSU,TK,1,1748,13,49
TK20,TAKAMATSU,TK,1,0,13,49